{
	"helpTab" : { "type" : "tab", "id" : "helpTab", "title" : "", "icon" : "/interface/scripted/sbq/sbqSettings/sbqCodex.png", "visible" : true, "color" : "ff00ff", "contents" : [
		{ "type" : "tabField", "id" : "helpTabs", "layout" : "vertical",  "tabWidth" : 56, "tabs" : [
			{ "type" : "tab", "id" : "predHelpTab", "title" : "Формы", "icon" : "/interface/scripted/sbq/sbqSettings/sbqCodex.png", "visible" : true, "color" : "ff00ff", "contents" : [
				{ "type" : "scrollArea", "mode" : "vertical", "thumbScrolling" : true, "scrollBars" : true, "scrollDirections" : [0, 1], "children" : [ {"expandMode" : [2,2]},{ "type" : "panel", "style" : "flat", "expandMode" : [2,2], "children" : [
					{ "type" : "label", "text" : "^cyan;Трансформации хищника^reset;\n \nВо-первых, проведение ^green;[Shift]+[Up]^reset; позволит вывести на экран колесо действий, при обычных обстоятельствах ^red;X^reset; вниз вернет вас к исходной форме.\n \nДругие действия на колесе действий можно щелкнуть, чтобы назначить их в ^yellow;Контроллер Vore^reset; в соответствующей руке, или выдаст новую, если таковой нет. Отпускание удерживаемых клавиш приведет к попытке выполнить зависшее действие один раз, если ^yellow;Контроллер Vore^reset; назначен кокое либо действие, то он может быть использован для попытки выполнения этого действия в любое время.\n \nПри определенных условиях трансформации способность возвращаться в исходную форму может отсутствовать, и вы также не сможете изменить размер, что означает, что вы застрянете в этой форме, пока не найдете способ исправить ее или не найдете способ контролировать трансформацию. Если вы получите контроль, трансформация будет разблокирована в ^yellow;Выбор хищника^reset; технология, позволяющая трансформироваться в любое удобное для вас времени.\n \nПри трансформации в правом нижнем углу появляется HUD, позволяющий быстро получить доступ к меню настроек Starbercue, а также быстро изменить эффект живота. Он также показывает здоровье всех текущих обитателей, ход выполнения любых эффектов, действующих на них, например, трансформации, а также всех обитателей, вложенных в них. Если щелкнуть на иконке обитателя, то появится список действий, которые может выполнить хищник.\n^#555;(Это очень сложно, контекстные меню Stardust Metagui иногда вообще не работают, попробуйте выбрать другого обитателя и повторить попытку, когда это не сработает)^reset;\n \nВ заключение отметим, что ^green;[Shift]^reset; клавиша может быть обнаружена только в том случае, если вы держите в руках ^yellow;Контроллер Vore^reset;." }
				]}]}
			]},
			{ "type" : "tab", "id" : "predObjectHelpTab", "title" : "Обьекты", "icon" : "/interface/scripted/sbq/sbqSettings/sbqCodex.png", "visible" : true, "color" : "ff00ff", "contents" : [
				{ "type" : "scrollArea", "mode" : "vertical", "thumbScrolling" : true, "scrollBars" : true, "scrollDirections" : [0, 1], "children" : [ {"expandMode" : [2,2]},{ "type" : "panel", "style" : "flat", "expandMode" : [2,2], "children" : [
					{ "type" : "label", "text" : "^cyan;Информация об объекте 'Хищник'^reset;\n \nХищные объекты состоят из двух частей, a именно из ^yellow;Ядра Хищника^reset; и ^yellow;Спавнера Хищника^reset;. Они оба появляются на вкладке Инвентарь материалов. Где ^yellow;Спавнер Хищника^reset; -это объект, который может быть помещен в мир, любое ^yellow;Ядро Хищника^reset; может быть привязан к любому ^yellow;Спавнеру Хищника^reset; и ^green;щелчок правой кнопкой мыши^reset; по ^yellow;Ядру Хищника^reset; поверх ^yellow;Спавнер Хищника^reset; в инвентаре, или в сундуке, или поместив в ^yellow;Спавнер Хищника^reset; в мире и нажать на ^green;[E]^reset; на нем, удерживая при этом ^yellow;Ядро Хищника^reset; в вашей руке.\n \nРаз в ^yellow;Спавнере Хищника^reset; имеет ^yellow;Ядро Хищника^reset; привязанный к нему, будет спавнить своего ^blue;Хищника^reset; при размещении в мире в качестве объекта.\n \nРаз в ^blue;Хищнике^reset; возникла, то обычно можно нажать кнопку ^green;[E]^reset; на них, чтобы заставить их выполнить ^yellow;Действие Vore^reset; на вас, или перемещаться между ^yellow;ним^reset;, попробуйте встать в разных местах или навести курсор на разные места, чтобы выделить ^blue;Хищника^reset; для выполнения различных действий, иногда бывает трудно заставить Хищника выполнить желаемое ^yellow;Действие Vore^reset; если триггеры расположены близко друг к другу! например, если Хищник имеет оба триггера, ^yellow;Анальный Vore^reset;, and ^yellow;Матка^reset; В таких случаях может быть проще временно отключить нежелательный тип vore в настройках добычи, даже если он вам нравится в обычном режиме.\n \nНекоторые ^blue;Хищники^reset; можно поменять спомощи ^yellow;Предмета модификатора^reset;. Они могут сделать многое, например, некоторые могут изменить свои ^orange;Эффекты живота^reset; или может быть ^orange;Откормить^reset; поднимая их. Модификаторы могут применяться так же, как и основные.\n Раз в ^blue;Хищник^reset; был порожден в мире, можно использовать функцию ^yellow;Nominomicon^reset;, приобретается по цене в^purple;магазине Аури^reset;, для настройки Хищник и изменения их параметров без использования ^yellow;Предмета модификатора^reset;, а также получить информацию о том, что они могут сделать. Можно также использовать ^yellow;Nominomicon^reset; заявить о праве собственности и ^orange;Заблокировать^reset; a ^blue;Хищника^reset; настройки таким образом, чтобы другие игроки не могли их изменить, однако, некоторые ^red;Админы^reset; могут сохранять возможность изменять настройки независимо от формы собственности." }
				]}]}
			]},
			{ "type" : "tab", "id" : "preyHelpTab", "title" : "Добыча", "icon" : "/interface/scripted/sbq/sbqSettings/sbqCodex.png", "visible" : true, "color" : "ff00ff", "contents" : [
				{ "type" : "scrollArea", "mode" : "vertical", "thumbScrolling" : true, "scrollBars" : true, "scrollDirections" : [0, 1], "children" : [ {"expandMode" : [2,2]},{ "type" : "panel", "style" : "flat", "expandMode" : [2,2], "children" : [
					{ "type" : "label", "text" : "^cyan;Информация о добыче^reset;\n \nЕсли вас поедает хищник-объект или игрок, превратившийся в хищника, то в качестве жертвы у вас будет HUD в правом нижнем углу, который показывает, в каких направлениях вы можете бороться, чтобы заставить хищника что-то сделать.\n \nДля хищников, контролируемых игроком, большинство способов борьбы отключено, так что игрок полностью контролирует их состояние, но если они находятся в состоянии, в котором доступен побег, вы, возможно, сможете побороть их, но есть возможность полностью отключить возможность побега в их настройках.\n \n^red;Красный цвет^reset;\nуказывает направление, в котором вы можете сбежать, например, через рот или задницу; настройки добычи не влияют на то, появится ли стрелка, но влияют на то, сможете ли вы сбежать на самом деле; красная стрелка может указывать на побег через анальное отверстие, но если это не включено в настройках, борьба в этом направлении ничего не даст.\n \n^blue;Синий цвет^reset;\nУказывает на изменение состояния, например, на то, что хищник встает или садится.\n \n^green;Зелёный цвет^reset;\nУказывает на изменение состояния, но только для тех изменений состояния, которые приближают вас к состоянию, из которого вы можете выйти.\n \n^cyan;Бирюзовый цвет^reset;\nУказывает направление, по которому можно переместиться в другое место в теле хищника.\n \n^yellow;Жёлтый цвет^reset;\nУказывает направление, в котором вас могут съесть, если вас просто держат в данный момент.\n \nЕсли вам когда-нибудь понадобится сбежать, но в данный момент это невозможно, так как вы вложены в другого человека, или злобный хищник не выпускает вас наружу... или что-то просто сломалось, чтобы выбраться, вам нужно просто взять и нажать на ^green;налево и направо^reset; и потом нажать на ^green; пробел^reset;. Используйте эту функцию только в случае крайней необходимости!" }
				]}]}
			]},
			{ "type" : "tab", "id" : "infusionTab", "title" : "Инфузия", "icon" : "/interface/scripted/sbq/sbqSettings/sbqCodex.png", "visible" : true, "color" : "ff00ff", "contents" : [
				{ "type" : "scrollArea", "mode" : "vertical", "thumbScrolling" : true, "scrollBars" : true, "scrollDirections" : [0, 1], "children" : [ {"expandMode" : [2,2]},{ "type" : "panel", "style" : "flat", "expandMode" : [2,2], "children" : [
					{ "type" : "label", "text" : "^cyan;Поглощение^reset;, ^cyan;Объединение^reset;, ^cyan;Трансформация частей тела^reset;, ^cyan;Слияние^reset;... Для того чтобы иметь некий промежуточный элемент, работающий в тех случаях, когда он не совпадает с указанными, мы просто назовем его ^yellow;Инфузия^reset;.\n \nВозможно, вы видели ^yellow;Инфузию^reset; слот, рассматривая вкладки для различных мест тела, может возникнуть вопрос, для чего это нужно и как этим пользоваться. Во-первых, необходимо получить предмет, содержащий ^green;ДНК^reset; и ^green;эссенции^reset; персонажа или вида, вы можете получить такие предметы, получив зелье превращения для этого вида, или переварив персонажа, при этом предмет либо выпадает, либо добавляется к ^yellow;Поглощенной добыче^reset; в слот для этого места. Если вы получили такой предмет, то можете попытаться поместить его в свой ^yellow;Инфузионный^reset; слот для любого желаемого места! Как правило, зелье всегда является действительным настоем, однако при использовании '^green;эссенции^reset; у них могут быть свои предпочтения, и они не могут быть использованы в каждом месте или вообще.\n \nЕсли вы успешно влили что-то в свое тело, поздравляем! Эта часть вашего тела теперь обладает свойствами другого вида, например, матка может быть способна превратить кого-то в вид, который сейчас не является вашим собственным, или, возможно, иметь другой тип скорлупы.\n \nТеперь, если вы введете в персонажа ^green;эссенцию^reset; в некоторых локациях есть флажок для выбора цвета! Это ничего не даст, если вы использовали зелье, но если у персонажа ^green;эссенция^reset; может получить их цвета, а также эффекты, что позволяет использовать такие забавные вещи, как Член TF или Грудь TF, которые также могут добавить размер, если установлены флажки.\n \n \n \nНекоторые хищники NPC могут уже приходить с кем-то, в кого они вселились, но пока не все из них могут отменить такое превращение, даже если удалить сущность, а некоторые хищники могут даже не допустить этого.\n \nТакже можно влить персонажа непосредственно в свое тело, если соответствующие настройки установлены на обоих уровнях. Для этого достаточно выбрать добычу в vore-контроллере, а затем выбрать соответствующее действие, если оно доступно." }
				]}]}
			]},
			{ "type" : "tab", "id" : "deedInfoHelpTab", "title" : "Договоры", "icon" : "/interface/scripted/sbq/sbqSettings/sbqCodex.png", "visible" : true, "color" : "ff00ff", "contents" : [
				{ "type" : "scrollArea", "mode" : "vertical", "thumbScrolling" : true, "scrollBars" : true, "scrollDirections" : [0, 1], "children" : [ {"expandMode" : [2,2]},{ "type" : "panel", "style" : "flat", "expandMode" : [2,2], "children" : [
					{ "type" : "label", "text" : "^cyan;SBQ Информация о сделках^reset;\n \nДоговор колонии SBQ используется для вызова особых жильцов vore SBQ. В отличие от обычного договора колонии, он имеет свой собственный пользовательский интерфейс, с помощью которого можно выполнять различные действия, например, изменять настройки vore для вызванного жильца, а также определять некоторые особенности его поведени.\n \nТекстовое поле в верхней части вкладки Арендатор содержит идентификатор текущего вызванного арендатора и имеет кнопки для перебора доступных арендаторов, для которых у вас установлены моды. Вы также можете ввести идентификатор самостоятельно, и в нем есть несколько сочетаний клавиш, которые автоматически сопоставят имя с полным идентификатором арендатора, например: \"avian\" -> \"sbq_villager_avian\" and \"guard_avian\" -> \"sbq_guard_avian\" (он будет автоматически получать уровень охраны из содержимого комнаты)\n \nНа первой вкладке вы также найдете панель, показывающую текущие метки колоний для помещения, а также информирующую о том, что требуется для выбранного арендатора. Арендаторы не уйдут, если их критерии не будут удовлетворены, но они не будут так счастливы.\n \nВ результате взлома из здания будут извлечены его нынешние жильцы в виде карт, которые впоследствии можно будет вставить обратно." }
				]}]}
			]},
			{ "type" : "tab", "id" : "tenantHelpTab", "title" : "НПС", "icon" : "/interface/scripted/sbq/sbqSettings/sbqCodex.png", "visible" : true, "color" : "ff00ff", "contents" : [
				{ "type" : "scrollArea", "mode" : "vertical", "thumbScrolling" : true, "scrollBars" : true, "scrollDirections" : [0, 1], "children" : [ {"expandMode" : [2,2]},{ "type" : "panel", "style" : "flat", "expandMode" : [2,2], "children" : [
					{ "type" : "label", "text" : "^cyan;Общая информация НПС^reset;\n \nКак и для игрока, для каждого NPC-жильца можно задать свои vore-настройки и предпочтения с помощью меню.\n \nВы также можете заметить, что при вызове тинантов определенных OC некоторые из этих флажков будут стоять ^red;заблокированые^reset;, это необходимо для того, чтобы обеспечить исполнение желаний владельца OC, которые могут быть изменены только по запросу владельца или, возможно, путем разблокировки через диалоговое дерево NPC.\n \nИмеются вкладки для ^yellow;охоты^reset; и ^yellow;приманка^reset;, в них есть опции для управления тем, для каких типов vore NPC могут пытаться стать хищниками или добычей, насколько они благосклонны к каждому типу, и спрашивают ли они согласия или нет." }
				]}]}
			]},
			{ "type" : "tab", "id" : "otherHelpTab", "title" : "Другое", "icon" : "/interface/scripted/sbq/sbqSettings/sbqCodex.png", "visible" : true, "color" : "ff00ff", "contents" : [
				{ "type" : "scrollArea", "mode" : "vertical", "thumbScrolling" : true, "scrollBars" : true, "scrollDirections" : [0, 1], "children" : [ {"expandMode" : [2,2]},{ "type" : "panel", "style" : "flat", "expandMode" : [2,2], "children" : [
					{ "type" : "label", "text" : "^cyan;Где находится контент?^reset;\n \nДоступ к содержимому этого мода можно получить через магазин Аури, который можно найти, найдя камин в руинах на пышной планете и используя его для варпа в ее магазин. Если вы не можете найти такой камин, то, скорее всего, другой мод мог перезаписать его порождение, вы можете воспользоваться командой ^yellow;/placedungeon sbqGardenFireplace^reset; чтобы поместить камин в месте курсора, или^yellow;/warp instanceworld:sbqHub^reset; просто переместиться прямо в ее магазин.\n \n \n^cyan;Почему я не могу съесть эту штуку?^reset;\n \nИгроки, NPC, монстры - все они подчиняются правилам включения добычи, и у всех по умолчанию включены или отключены разные вещи. По умолчанию, случайно сгенерированные NPC могут быть добычей для любого действия, некоторые специальные NPC, такие как сюжетно связанные или владельцы магазинов/исполнители заданий на аванпосте, имеют отключенную возможность быть добычей, NPC разработчиков также имеют отключенную возможность быть добычей, NPC OC людей могут иметь отключенную возможность быть добычей для некоторых типов vore, или быть полностью отключенной возможностью быть добычей. У игроков по умолчанию отключены все виды сексуального порока, они должны зайти в меню настроек добычи и включить их, если они хотят быть добычей для этого вида vore." }
				]}]}
			]},
			{ "type" : "tab", "id" : "creditsHelpTab", "title" : "Credits", "icon" : "/interface/scripted/sbq/sbqSettings/sbqCodex.png", "visible" : true, "color" : "ff00ff", "contents" : [
				{ "type" : "scrollArea", "mode" : "vertical", "thumbScrolling" : true, "scrollBars" : true, "scrollDirections" : [0, 1], "children" : [ {"expandMode" : [2,2]},{ "type" : "panel", "style" : "flat", "expandMode" : [2,2], "children" : [
					{ "type" : "label", "text" : "^cyan;Credits^reset;\n \n^#7ddfff;Zygan/Zygahedron^reset;\nArtist, Lua Scripter.\n \n^#7dad27;Wasabi_Raptor/LokiVulpix^reset;\nArtist, Lua Scripter.\nI Take Commissions! Check if I'm open!\nTwitter: @Wasabi_Raptor (SFW)\nTwitter: @LokiVulpix (NSFW)\nItaku: lokivulpix\nFA: Loki_the_Vulpix\n \n^cyan;Code Contributors^reset;\nZovoroth\n \n^cyan;Artists^reset;\nArgobargSoup\nFerrilata_\n \n^cyan;Builders^reset;\nCosmic\n \n^cyan;Writers / Editors^reset;\nradiantAurora\nBlueninja\nFFWizard\nArgobargSoup\nFerrilata_\nAkari Kaen\nXodious\nZovoroth\n \n^cyan;Playtesters / Bug-Hunters^reset;\nRex Anivius\nxeronious\nRick4242\nFFWizard\nArgobargSoup\nFerrilata_\nJemmysponz\nZovoroth\n \n^cyan;Commissioners^reset;\nxeronious\nLakota Amitola\nBRZYN-Z18\nFevix\nFFWizard\nAkari Kaen" },
					{ "type" : "label", "text" : "^cyan;Ko-Fi Supporters^reset;"},
					{ "type" : "label", "id" : "kofiLabel", "text" : "" },
					{ "type" : "label", "text" : "^cyan;Patrons^reset;"},
					{ "type" : "label", "id" : "patronsLabel", "text" : "" },
					{ "type" : "label", "text" : " \nСпасибо всем, кто поддержал проект! Без вас у меня не было бы ни времени, ни средств на его реализацию!" }
				]}]}
			]},
			{ "type" : "tab", "id" : "resetHelpTab", "title" : "Сброс", "icon" : "/interface/scripted/sbq/sbqSettings/sbqReset.png", "visible" : true, "color" : "ff00ff", "contents" : [
				{ "type" : "scrollArea", "mode" : "vertical", "thumbScrolling" : true, "scrollBars" : true, "scrollDirections" : [0, 1], "children" : [ {"expandMode" : [2,2]},{ "type" : "panel", "style" : "flat", "expandMode" : [2,2], "children" : [
					{ "type" : "label", "text" : "^cyan;Рестарт Настроек^reset;\n \nИногда в процессе обновления в настройках могут происходить изменения, а иногда и путаница, значения, установленные в настройках старых версий, могут вызывать проблемы в новых. Поэтому для устранения этих ошибок может потребоваться сброс настроек до значений по умолчанию. Или вы просто хотите вернуть настройки к значениям по умолчанию в целом. Данная страница позволяет это сделать."},
					{"type" : "button", "id" : "resetGlobalSettings", "caption" : "Сброс глобальных настроек", "color" : "ff0000", "toolTip" : "Сброс глобальных настроек к значениям по умолчанию"},
					{"type" : "button", "id" : "resetAllPredSettings", "caption" : "Сброс всех настроек хищника", "color" : "ff0000", "toolTip" : "Сброс всех настроек трансформации хищника к значениям по умолчанию."},
					{"type" : "button", "id" : "resetCurPredSettings", "caption" : "Сброс текущих настроек хищника", "color" : "ff0000", "toolTip" : "Сброс текущих настроек трансформации хищника к значениям по умолчанию."}

				]}]}
			]},
			{ "type" : "tab", "id" : "translationHelpTab", "title" : "Translation", "icon" : "/interface/scripted/sbq/sbqSettings/sbqCodex.png", "visible" : true, "color" : "ff00ff", "contents" : [
				{ "type" : "scrollArea", "mode" : "vertical", "thumbScrolling" : true, "scrollBars" : true, "scrollDirections" : [0, 1], "children" : [ {"expandMode" : [2,2]},{ "type" : "panel", "style" : "flat", "expandMode" : [2,2], "children" : [
					{ "type" : "label", "text" : "^cyan;Russian Translation Credits^reset;\n \nmixa12662" }
				]}]}
			]}
		]}
	]},
	"SSVMOverridesTab" : { "type" : "tab", "id" : "SSVMOverridesTab", "title" : "SSVM", "icon" : "/codex/tutorial/bellyBoundBook.png", "visible" : true, "color" : "ff00ff", "contents" : [
		{ "type" : "scrollArea", "mode" : "vertical", "thumbScrolling" : true, "scrollBars" : true, "scrollDirections" : [0, 1], "children" : [ { "type" : "panel", "style" : "flat", "expandMode" : [2,2], "children" : [
			[{ "type" : "panel", "style" : "convex", "mode" : "v", "children" : [
				{ "type" : "label", "text" : "SSVM Settings", "inline" : true },
				[{ "type" : "checkBox", "id" : "SSVMTargetCreatures", "toolTip" : "Технология Vore RP обычно нацелена только на игроков, но теперь она может нанести урон и NPC, и монстрам. (это не лишает их способности наносить вам урон)" }, { "type" : "label", "text" : "VoreRP Targets Creatures" }]
			]}],
			{ "type" : "label", "text" : "^cyan;Starbound Simple Vore Mod Overrides^reset;\n \nTo make compatibiliity smoother between Starbecue, as well as improve how some things are handled in SSVM, Starbecue overwrites the functions of some key things in SSVM, either to have better parity or to fix bugs.\nAlso Auri's Shop appears in what was an empty space in Foodhall.\n \n^cyan;Prey Enabling^reset;\nSSVM's system of enabling vore on a planet by placing a big lever down has been overwritten by Starbecue's prey enabling settings, it is now, per player, per vore type. This applies to both the SSVM NPC preds which perform their assigned vore type, and the SSVM Vore RP tech, for Oral Vore and Unbirth, which does recognize the distinction of which the player has active.\n \n^cyan;Bugfixes^reset;\nIt is well known that having multiple SSVM NPC preds free to roam around a colony can cause crashes if one has eaten another, therefore, Starbecue has modified the behavior so that SSVM Pred NPCs cannot eat other SSVM Pred NPCs, this also means that Starbecue predators cannot eat them either, both good for avoiding bugs, as well as probably respecting the wishes of the owner of the character.\nStarbecue makes SSVM compatible with other mods that modify monsters by having a copy of its monster script to add to the monster core loader.\n \n^cyan;Things that Starbecue does NOT do^reset;\nStarbecue's Preditor will not, and will never work on SSVM NPCs VSOs or SPOs.\nStarbecue's Prey Enabling System does not apply to SSVM VSOs and SPOs.\nStarbecue's Modifier Items will not effect SSVM NPCs, VSOs, or SPOs.\nStarbecue's Vore NPC Summoner will never effect SSVM NPCs.\n \n^cyan;Final Note^reset;\nOverriding functions for someone else's mod isn't always nice, but since SSVM is no longer in active development, it felt like it should be done, I will remove such overrides if Sheights were to ask." }
		]}]}
	]},

	"speciesSettingsTabs" : {
		"sbqOccupantHolder" : {
			"scripts" : ["/interface/scripted/sbq/sbqSettings/speciesScripts/sbqOccupantHolder.lua"],
			"tab": { "type" : "tab", "id" : "occupantHolderSettingsTab", "title" : "Config", "icon" : "/items/active/sbqController/unassigned.png", "visible" : true, "color" : "ff00ff", "contents" : [
				{ "type" : "scrollArea", "mode" : "vertical", "thumbScrolling" : true, "scrollBars" : true, "scrollDirections" : [0, 1], "children" : [{"mode": "horizontal", "expandMode" : [2,2]},
				[
					{ "type" : "panel", "id" : "bodyPartsPanel", "style" : "convex", "children" : [
						{"mode": "vertical", "spacing" : 0 }, { "type" : "label", "text" : "Часть тела", "align" : "center" },

						[
							{ "type" : "checkBox", "id" : "tail", "toolTip" : "Не все обычно имеет хвост, это может придать вещам один из них"},
							{ "type" : "checkBox", "id" : "tailMaw", "toolTip" : "Выдать хвост и хвостовой рот"},
							{ "id" : "tailLabel", "type" : "label", "text" : " Хвост" }
						],
						[
							{ "type" : "checkBox", "id" : "navel", "toolTip" : "Включить пупок для пупковых отверстий и побегов"},
							{ "type" : "checkBox", "id" : "visibleNavel", "toolTip" : "Заставляет пупок появляться на спрайтах живота"},
							{ "id" : "navelLabel", "type" : "label", "text" : " Пупок" }
						],
						[
							{ "type" : "checkBox", "id" : "breasts", "toolTip" : "Сиськи! для любителей груди, независимо от пола."},
							{ "type" : "checkBox", "id" : "breastsSymmetrical", "toolTip" : "Когда одна из грудей растягивается, другая растягивается в той же степени, даже если внутри никого нет"},
							{ "type" : "checkBox", "id" : "nipples", "toolTip" : "Соски! Разница всего в несколько пикселей, но они очень ценятся~"},
							{ "id" : "breastsLabel", "type" : "label", "text" : " Грудь" }
						],

						[{ "type" : "checkBox", "id" : "penis",  "toolTip" : "Cock Vore Action уменьшает людей, чтобы они могли поместиться внутри" },  { "id" : "penisLabel", "type" : "label", "text" : " Пенис" }],
						[
							{ "type" : "checkBox", "id" : "balls", "toolTip" : "Люди могут с трудом спускаться по стволу в шары"},
							{ "type" : "checkBox", "id" : "ballsSymmetrical", "toolTip" : "Когда один из шаров растягивается, другой будет растягиваться на ту же величину, даже если внутри никого нет"},
							{ "id" : "ballsLabel", "type" : "label", "text" : " Шары" }
						],

						[{ "type" : "checkBox", "id" : "pussy", "toolTip" : "Иметь киску и уметь проводить деторождение"},  { "id" : "pussyLabel", "type" : "label", "text" : " Киска" }],

						[{ "type" : "checkBox", "id" : "bra", "toolTip" : "Носите бюстгальтер, блокирует Грудь Vore"}, { "id" : "braLabel", "type" : "label", "text" : " Бюстгальтер" }],
						[{ "type" : "checkBox", "id" : "underwear", "toolTip" : "Носить нижнее белье, блокировать анальное отверстие, отверстие в члене и матка"}, { "id" : "underwearLabel", "type" : "label", "text" : " Нижнее белье" }]

					]}
				],[
					{ "type" : "panel", "id" : "sizePanel", "expandMode" : [1,0], "style" : "convex", "children" : [
						{"mode": "vertical", "spacing" : 0},
						{ "type" : "label", "text" : "Контроль размеров", "align" : "center" },
						[
							{ "type" : "slider", "id" : "scaleValue", "notches": [0.1, 0.25, 0.5, 0.75, 1, 1.25, 1.5, 2, 3], "handles": [{"value": 0.1, "toolTip": "Минимальный масштаб"}, {"value": 1, "toolTip": "Current Scale"}, {"value": 3, "toolTip": "Максимальный масштаб"}]}
						]
					]},
					{ "type" : "panel", "id" : "genderswapPanel", "expandMode" : [1,0], "style" : "convex", "children" : [
						{"mode": "vertical", "spacing" : 0},
						{ "type" : "label", "text" : "Трансформация с изменением пола", "align" : "center" },
						[
							//{ "type" : "checkBox", "id" : "TGOnlyEnable", "visible" : false},
							{ "type" : "checkBox", "id" : "TGOnly", "toolTip" : "Во время TF оставлять вид добычи неизменным."}, { "id" : "TGOnlyLabel", "type" : "label", "text" : " Отключить виды TF" }],
						[
							{ "id" : "genderswapLabel", "type" : "label", "text" : "Смена пола"},
							{ "id" : "genderSwapButton", "type" : "button", "caption" : "Без изменений", "toolTip" : "При выполнении TF пол жертвы может быть изменен." }
						]
					]},
					{ "type" : "panel", "id" : "performanceSettingsPanel", "expandMode" : [1,0], "style" : "convex", "children" : [
						{"mode": "vertical", "spacing" : 0},
						{ "type" : "label", "text" : "Настройки производительности", "align" : "center" },
						[
							{ "type" : "checkBox", "id" : "noSpriteRedraw", "toolTip" : "Полностью отключить перерисовку спрайтов, что означает отсутствие графики vore, TF или TG, а также отсутствие масштабирования по размеру." },
							{ "type" : "checkBox", "id" : "noHandItems", "toolTip" : "Отключить все ручные элементы." },
							{ "type" : "checkBox", "id" : "noAnimatedItems", "toolTip" : "Отключить анимированные элементы руки, простые элементы без анимации будут отображаться, анимированные - в виде пустой руки." },
							{ "type" : "checkBox", "id" : "noAnimatingItems", "toolTip" : "Отключить анимацию элементов рук, простые элементы без анимации будут отображаться, анимированные останутся на первом кадре." }
						]
					]}
				]
			]}]}
		},
		"sbqAvian" : {
			"scripts" : [],
			"tab": { "type" : "tab", "id" : "avianSettingsTab", "title" : "Config", "icon" : "/vehicles/sbq/sbqAvian/skins/default/icon.png", "visible" : true, "color" : "ff00ff", "contents" : [
				{ "type" : "panel", "style" : "convex", "expandMode" : [2,2], "children" : [
					{"mode" : "vertical", "spacing" : 0},
					{ "type" : "label", "text" : "Часть тела", "inline" : true },
					[{ "type" : "checkBox", "id" : "breasts", "toolTip" : "Функция Breast Vore еще не реализована, но вы можете иметь грудь"}, { "type" : "label", "text" : " Грудь" }],
					[{ "type" : "checkBox", "id" : "breastsSymmetrical", "toolTip" : "Когда одна из грудей растягивается, другая растягивается в той же степени, даже если внутри никого нет"}, { "type" : "label", "text" : " Симметричная грудь" }],

					[{ "type" : "checkBox", "id" : "penis",  "toolTip" : "Cock Vore Action уменьшает людей, чтобы они могли поместиться внутри" }, { "type" : "label", "text" : " Пенис" }],
					[{ "type" : "checkBox", "id" : "balls", "toolTip" : "Люди могут с трудом спускаться по стволу в шары"}, { "type" : "label", "text" : " Шары" }],
					[{ "type" : "checkBox", "id" : "ballsSymmetrical", "toolTip" : "Когда один из шаров растягивается, другой будет растягиваться на ту же величину, даже если внутри никого нет"}, { "type" : "label", "text" : " Симметричные шары" }]
				]}
			]}
		},
		"sbqZoroark" : {
			"scripts" : [],
			"tab": { "type" : "tab", "id" : "zoroarkSettingsTab", "title" : "Config", "icon" : "/vehicles/sbq/sbqZoroark/skins/default/icon.png", "visible" : true, "color" : "ff00ff", "contents" : [
				{ "type" : "panel", "style" : "convex", "expandMode" : [2,2], "children" : [
					{"mode" : "vertical", "spacing" : 0},
					{ "type" : "label", "text" : "Часть тела", "inline" : true },
					[{ "type" : "checkBox", "id" : "tail", "toolTip" : "Иметь пушистый хвост! Обычно у зороарков их нет, но вы можете!"}, { "type" : "label", "text" : " Хвост" }],
					[{ "type" : "checkBox", "id" : "tailMaw", "toolTip" : "Дайте своему пушистому хвосту *Хвостатую пасть*! Используйте действие *Хвостатая пасть*, чтобы есть людей"}, { "type" : "label", "text" : " Хвост с ртом" }],
					[{ "type" : "checkBox", "id" : "breasts", "toolTip" : "Функция Breast Vore еще не реализована, но вы можете иметь грудь"}, { "type" : "label", "text" : " Грудь" }],
					[{ "type" : "checkBox", "id" : "breastsSymmetrical", "toolTip" : "Когда одна из грудей растягивается, другая растягивается в той же степени, даже если внутри никого нет"}, { "type" : "label", "text" : " Симметричная грудь" }],

					[{ "type" : "checkBox", "id" : "penis",  "toolTip" : "Cock Vore Action уменьшает людей, чтобы они могли поместиться внутри" }, { "type" : "label", "text" : " Пенис" }],
					[{ "type" : "checkBox", "id" : "balls", "toolTip" : "Люди могут с трудом спускаться по стволу в шары"}, { "type" : "label", "text" : " Шары" }],
					[{ "type" : "checkBox", "id" : "ballsSymmetrical", "toolTip" : "Когда один из шаров растягивается, другой будет растягиваться на ту же величину, даже если внутри никого нет"}, { "type" : "label", "text" : " Симметричные шары" }],
					[{ "type" : "checkBox", "id" : "pussy", "toolTip" : "Иметь киску и уметь проводить деторождение"}, { "type" : "label", "text" : " Киска" }]
				]}
			]}
		},
		"sbqZiellekDragon" : {
			"scripts" : [],
			"tab": { "type" : "tab", "id" : "ziellekDragonSettingsTab", "title" : "Config", "icon" : "/vehicles/sbq/sbqZiellekDragon/skins/default/icon.png", "visible" : true, "color" : "ff00ff", "contents" : [
				{ "type" : "panel", "style" : "convex", "expandMode" : [2,2], "children" : [
					{"mode" : "vertical", "spacing" : 0},
					{ "type" : "label", "text" : "Часть тела", "inline" : true },
					[{ "type" : "checkBox", "id" : "penis",  "toolTip" : "Cock Vore Action уменьшает людей, чтобы они могли поместиться внутри" }, { "type" : "label", "text" : " Член" }],
					[{ "type" : "checkBox", "id" : "balls", "toolTip" : "Люди могут с трудом спускаться по стволу в шары"}, { "type" : "label", "text" : " Шары" }],
					[{ "type" : "checkBox", "id" : "ballsSymmetrical", "toolTip" : "Когда один из шаров растягивается, другой будет растягиваться на ту же величину, даже если внутри никого нет"}, { "type" : "label", "text" : " Симметричные шары" }],
					[{ "type" : "checkBox", "id" : "pussy", "toolTip" : "Иметь киску и уметь проводить деторождение"}, { "type" : "label", "text" : " Киска" }]

				]}
			]}
		},
		"sbqFray_IcyVixen" : {
			"scripts" : [],
			"tab": { "type" : "tab", "id" : "sbqFray_IcyVixenSettingsTab", "title" : "Config", "icon" : "/vehicles/sbq/sbqFray_IcyVixen/skins/default/icon.png", "visible" : true, "color" : "ff00ff", "contents" : [
				{ "type" : "panel", "style" : "convex", "expandMode" : [2,2], "children" : [
					{"mode" : "vertical", "spacing" : 0},
					{ "type" : "label", "text" : "Часть тела", "inline" : true },
					[{ "type" : "checkBox", "id" : "penis",  "toolTip" : "Cock Vore Action уменьшает людей, чтобы они могли поместиться внутри" }, { "type" : "label", "text" : " Член" }],
					[{ "type" : "checkBox", "id" : "balls", "toolTip" : "Люди могут с трудом спускаться по стволу в шары"}, { "type" : "label", "text" : " Шары" }],
					[{ "type" : "checkBox", "id" : "ballsSymmetrical", "toolTip" : "Когда один из шаров растягивается, другой будет растягиваться на ту же величину, даже если внутри никого нет"}, { "type" : "label", "text" : " Симметричные шары" }]
				]}
			]}
		}

	},
	"speciesHelpTabs" : {
		"sbqVaporeon" : { "type" : "tab",  "title" : "", "icon" : "/interface/scripted/sbq/sbqSettings/sbqVaporeonCodex.png", "visible" : true, "color" : "ff00ff", "contents" : [
			{ "type" : "tabField",  "id" : "speciesHelpTabs", "layout" : "vertical",  "tabWidth" : 56, "tabs" : [
				{ "type" : "tab", "id" : "generalTab", "title" : "General", "icon" : "/interface/scripted/sbq/sbqSettings/sbqVaporeonCodex.png", "visible" : true, "color" : "ff00ff", "contents" : [
					{ "type" : "scrollArea", "mode" : "vertical", "thumbScrolling" : true, "scrollBars" : true, "scrollDirections" : [0, 1], "children" : [ {"expandMode" : [2,2]},{ "type" : "panel", "style" : "flat", "expandMode" : [2,2], "children" : [
						{ "type" : "label", "text" : "^cyan;So you've been turned into a Vaporeon...^reset;\n \nVaporeon have the space for two prey to fit within their ^yellow;belly^reset;.\n \nYou may also be able to tap ^green;[F]^reset; to change from ^cyan;big^reset; to ^cyan;smol^reset; and back. You'll be able to run around, bap people, eat people, spray water, and many other fun things!\n \nYou can transform your prey into other vaporeon by clicking on them in the occupant menu and choosing the ^yellow;Transform^reset; action.\n^#555;(This is finicky, Stardust Metagui context menus sometimes seem to not function at all, try selecting a different occupant and trying again when it doesn't work)^reset;" }
					]}]}
				]},
				{ "type" : "tab", "id" : "standHelpTab", "title" : "Stand", "icon" : "/interface/scripted/sbq/sbqSettings/sbqVaporeonCodex.png", "visible" : true, "color" : "ff00ff", "contents" : [
					{ "type" : "scrollArea", "mode" : "vertical", "thumbScrolling" : true, "scrollBars" : true, "scrollDirections" : [0, 1], "children" : [ {"expandMode" : [2,2]},{ "type" : "panel", "style" : "flat", "expandMode" : [2,2], "children" : [
						{ "type" : "label", "text" : "^cyan;Stand State^reset;\n \nWhile Standing you can move around just like a player normally can.\n \nThe ^yellow;Oral Vore^reset; action can be used to ^yellow;eat^reset; prey, you may also let prey back out of your ^yellow;mouth^reset; with the ^green;[G]^reset; key.\n \nThe ^yellow;Special Attack^reset; action can be used to spray a stream of water at your foes.\n \nThe ^yellow;Physical Attack^reset; action can be used to bap at your foes.\n \nTapping ^green;[Down]^reset; will let you ^cyan;sit^reset; down." }
					]}]}
				]},
				{ "type" : "tab", "id" : "sitHelpTab", "title" : "Sit", "icon" : "/interface/scripted/sbq/sbqSettings/sbqVaporeonCodex.png", "visible" : true, "color" : "ff00ff", "contents" : [
					{ "type" : "scrollArea", "mode" : "vertical", "thumbScrolling" : true, "scrollBars" : true, "scrollDirections" : [0, 1], "children" : [ {"expandMode" : [2,2]},{ "type" : "panel", "style" : "flat", "expandMode" : [2,2], "children" : [
						{ "type" : "label", "text" : "^cyan;Sit State^reset;\n \nWhile sitting, your prey will not be able to escape your belly.\n \nTapping ^green;[Up]^reset; will let you ^cyan;stand^reset; back up.\n \nTapping ^green;[Down]^reset; will make you ^cyan;lay^reset; down, and if someone is in front of you when you do, they will be ^orange;pinned^reset; beneath you!" }
					]}]}
				]},
				{ "type" : "tab", "id" : "layHelpTab", "title" : "Lay", "icon" : "/interface/scripted/sbq/sbqSettings/sbqVaporeonCodex.png", "visible" : true, "color" : "ff00ff", "contents" : [
					{ "type" : "scrollArea", "mode" : "vertical", "thumbScrolling" : true, "scrollBars" : true, "scrollDirections" : [0, 1], "children" : [ {"expandMode" : [2,2]},{ "type" : "panel", "style" : "flat", "expandMode" : [2,2], "children" : [
						{ "type" : "label", "text" : "^cyan;Lay State^reset;\n \nWhile laying, your prey will not be able to escape your belly.\n \nTapping ^green;[Up]^reset; will let you ^cyan;sit^reset; back up.\n \nTapping ^green;[Left]^reset; or ^green;[Right]^reset; will make you roll over onto your ^cyan;back^reset;, if you have someone ^orange;pinned^reset; they'll then be ^orange;laying^reset; on your belly.\n \nIf you have someone ^orange;pinned^reset; you'll be able to ^green;[Click]^reset; to lick them! You can also ^yellow;absorb^reset; them by pressing the ^green;[Space]^reset; key." }
					]}]}
				]},
				{ "type" : "tab", "id" : "backHelpTab", "title" : "Back", "icon" : "/interface/scripted/sbq/sbqSettings/sbqVaporeonCodex.png", "visible" : true, "color" : "ff00ff", "contents" : [
					{ "type" : "scrollArea", "mode" : "vertical", "thumbScrolling" : true, "scrollBars" : true, "scrollDirections" : [0, 1], "children" : [ {"expandMode" : [2,2]},{ "type" : "panel", "style" : "flat", "expandMode" : [2,2], "children" : [
						{ "type" : "label", "text" : "^cyan;Back State^reset;\n \nWhile laying, on your back, your prey may be able to struggle out of your ^yellow;butt^reset;.\n \nOther players may also be able to press ^green;[E]^reset; on you to ^orange;lay^reset; on your belly like a bed!\n \nIf you press ^green;[Down]^reset; you'll be able to ^orange;hug^reset; your belly, and whoever may be ^orange;laying^reset; on it. And if you've ^orange;hugged^reset; someone, pressing the ^green;[Space]^reset; key will let you ^yellow;absorb^reset; them!\n \nTapping ^green;[Left]^reset; or ^green;[Right]^reset; will make you roll over to ^cyan;lay^reset; on your belly, if you have someone ^orange;laying^reset; on your belly, they'll be ^orange;pinned^reset; underneath you." }
					]}]}
				]},
				{ "type" : "tab", "id" : "smolHelpTab", "title" : "Smol", "icon" : "/interface/scripted/sbq/sbqSettings/sbqVaporeonCodex.png", "visible" : true, "color" : "ff00ff", "contents" : [
					{ "type" : "scrollArea", "mode" : "vertical", "thumbScrolling" : true, "scrollBars" : true, "scrollDirections" : [0, 1], "children" : [ {"expandMode" : [2,2]},{ "type" : "panel", "style" : "flat", "expandMode" : [2,2], "children" : [
						{ "type" : "label", "text" : "^cyan;Smol State^reset;\n \nWhile smol, you will move around just like any player normally can, and prey will not be able to struggle out of you... but you may find it hard to move with even one inside... with two... you'd be so full you'll roll around like a ball, your prey might even be able to roll you around from the inside.\n \nSo as long as you aren't a ball...\n \nThe ^yellow;Special Attack^reset; action can be used to spray a stream of water at your foes.\n \nThe ^yellow;Physical Attack^reset; action can be used to bap at your foes." }
					]}]}
				]}
			]}
		]},
		"sbqXeronious" : { "type" : "tab",  "title" : "", "icon" : "/interface/scripted/sbq/sbqSettings/sbqXeroniousCodex.png", "visible" : true, "color" : "ff00ff", "contents" : [
			{ "type" : "tabField", "id" : "speciesHelpTabs", "layout" : "vertical",  "tabWidth" : 56, "tabs" : [
				{ "type" : "tab", "id" : "generalTab", "title" : "General", "icon" : "/interface/scripted/sbq/sbqSettings/sbqXeroniousCodex.png", "visible" : true, "color" : "ff00ff", "contents" : [
					{ "type" : "scrollArea", "mode" : "vertical", "thumbScrolling" : true, "scrollBars" : true, "scrollDirections" : [0, 1], "children" : [ {"expandMode" : [2,2]},{ "type" : "panel", "style" : "flat", "expandMode" : [2,2], "children" : [
						{ "type" : "label", "text" : "^cyan;So you've been turned into a Kaiju...^reset;\n \nKaiju can fit three prey within their ^yellow;belly^reset;, and one in their ^yellow;tail^reset;.\n \nYou'll be able to run around, grab people and carry them, hug them, eat them, shove them up your butt, inhale to succ people in, and many other fun things!\n \nPrey will be able to stuggle back and forth between your ^yellow;belly^reset; and ^yellow;tail^reset;.\n \nYou can trap your prey in eggs by clicking on them in the occupant menu and choosing the ^yellow;Eggify^reset; action.\n^#555;(This is finicky, Stardust Metagui context menus sometimes seem to not function at all, try selecting a different occupant and trying again when it doesn't work)^reset;\n \nThis predator was comissioned by xeronious and belongs to them." }
					]}]}
				]},
				{ "type" : "tab", "id" : "standHelpTab", "title" : "Stand", "icon" : "/interface/scripted/sbq/sbqSettings/sbqXeroniousCodex.png", "visible" : true, "color" : "ff00ff", "contents" : [
					{ "type" : "scrollArea", "mode" : "vertical", "thumbScrolling" : true, "scrollBars" : true, "scrollDirections" : [0, 1], "children" : [ {"expandMode" : [2,2]},{ "type" : "panel", "style" : "flat", "expandMode" : [2,2], "children" : [
						{ "type" : "label", "text" : "^cyan;Stand State^reset;\n \nWhile standing you'll be able to move around just like a player normally can. You'll also be able to ^cyan;fly^reset;, by jumping in the air a second time. You can also ^cyan;crawl^reset;, by holding ^green;[Down]^reset; and ^green;[Shift]^reset;.\n \nThe ^yellow;Grab^reset; action can be used to ^orange;grab^reset; and carry people around, if you hold someone up near your mouth and ^green;[Click]^reset; you can ^yellow;eat^reset; them! You can also hold them under your rear to shove them up your ^yellow;butt^reset;~ This actions can also be triggered from the other hand, as well as the radial menu.\n \nThe ^yellow;Oral Vore^reset; action allows you to imediately grab and ^yellow;eat^reset; someone, rather than carry them around first.\n \nThe ^yellow;Anal Vore^reset; action allows you to imediately grab and shove someone up your ^yellow;butt^reset;, rather than carry them around first.\n \nThe ^yellow;Inhale^reset; action allows you to succ people up and eat them! this can be aimed in different directions.\n \nThe ^yellow;Tail Vore^reset; action allows you to eat people with your tail.\n \nYou can tap ^green;[Down]^reset; to ^cyan;sit^reset; down, if you have ^orange;grabbed^reset; someone, you'll then be ^orange;hugging^reset; them... but if you were holding them under your rear, you'll be ^orange;sitting^reset; on them~\n \nYou can let your prey back out by pressing ^green;[G]^reset; you'll normally let people back out your mouth, but you can also hold ^green;[Down]^reset; to let them out your butt~ When you lay an egg, they'll always come out this way." }
					]}]}
				]},
				{ "type" : "tab", "id" : "sitHelpTab", "title" : "Sit", "icon" : "/interface/scripted/sbq/sbqSettings/sbqXeroniousCodex.png", "visible" : true, "color" : "ff00ff", "contents" : [
					{ "type" : "scrollArea", "mode" : "vertical", "thumbScrolling" : true, "scrollBars" : true, "scrollDirections" : [0, 1], "children" : [ {"expandMode" : [2,2]},{ "type" : "panel", "style" : "flat", "expandMode" : [2,2], "children" : [
						{ "type" : "label", "text" : "^cyan;Sit State^reset;\n \nWhile sitting, other players can press ^green;[E]^reset; on you to have you hug them.\n \nIf you happen to be ^orange;sitting^reset; on someone, they might be able to struggle and squirm their way up into your ^yellow;butt^reset;~" }
					]}]}
				]},
				{ "type" : "tab", "id" : "crawlHelpTab", "title" : "Crawl", "icon" : "/interface/scripted/sbq/sbqSettings/sbqXeroniousCodex.png", "visible" : true, "color" : "ff00ff", "contents" : [
					{ "type" : "scrollArea", "mode" : "vertical", "thumbScrolling" : true, "scrollBars" : true, "scrollDirections" : [0, 1], "children" : [ {"expandMode" : [2,2]},{ "type" : "panel", "style" : "flat", "expandMode" : [2,2], "children" : [
						{ "type" : "label", "text" : "^cyan;Crawl State^reset;\n \nWhile crawling, you should be able to fit into smaller doorways for easier movement, however you can't carry anyone around like this, or be in any position to eat people, aside from with your ^yellow;tail^reset;." }
					]}]}
				]},
				{ "type" : "tab", "id" : "flyHelpTab", "title" : "Fly", "icon" : "/interface/scripted/sbq/sbqSettings/sbqXeroniousCodex.png", "visible" : true, "color" : "ff00ff", "contents" : [
					{ "type" : "scrollArea", "mode" : "vertical", "thumbScrolling" : true, "scrollBars" : true, "scrollDirections" : [0, 1], "children" : [ {"expandMode" : [2,2]},{ "type" : "panel", "style" : "flat", "expandMode" : [2,2], "children" : [
						{ "type" : "label", "text" : "^cyan;Fly State^reset;\n \nWhile flying, you won't be able to grab people with your hands, however, you'll still be able to ^yellow;Inhale^reset;, as well as use your feet to shove people up your ^yellow;butt^reset;." }
					]}]}
				]}
			]}
		]},
		"sbqAvian" : { "type" : "tab",  "title" : "", "icon" : "/codex/avian/aviancover7.png", "visible" : true, "color" : "ff00ff", "contents" : [
			{ "type" : "tabField",  "id" : "speciesHelpTabs", "layout" : "vertical",  "tabWidth" : 56, "tabs" : [
				{ "type" : "tab", "id" : "generalTab", "title" : "General", "icon" : "/codex/avian/aviancover7.png", "visible" : true, "color" : "ff00ff", "contents" : [
					{ "type" : "scrollArea", "mode" : "vertical", "thumbScrolling" : true, "scrollBars" : true, "scrollDirections" : [0, 1], "children" : [ {"expandMode" : [2,2]},{ "type" : "panel", "style" : "flat", "expandMode" : [2,2], "children" : [
						{ "type" : "label", "text" : "^cyan;So you've turned into a giant Avian...^reset;\n \nYou can fit one prey within your ^yellow;belly^reset;, one in your ^yellow;cock^reset;, and one in each of your^yellow;balls^reset;... that is if you have the parts of course, these must be enabled in your config.\n \nIn all states your prey can ^orange;struggle^reset; to move between your ^yellow;balls^reset; and up and down from the ^yellow;cock^reset;, if there is space in the destination.\n \nParts such as ^yellow;breasts^reset;, ^yellow;cock^reset;, and ^yellow;balls^reset; can all be enabled or disabled regardless of gender, if a part is disabled with someone inside they will be ^red;released^reset;, however it is possible to trap someone in the ^yellow;balls^reset; by disabling the ^yellow;cock^reset; once they are inside.\n \nThis predator was decided on via a vote on patreon." }
					]}]}
				]},
				{ "type" : "tab", "id" : "standHelpTab", "title" : "Stand", "icon" : "/codex/avian/aviancover7.png", "visible" : true, "color" : "ff00ff", "contents" : [
					{ "type" : "scrollArea", "mode" : "vertical", "thumbScrolling" : true, "scrollBars" : true, "scrollDirections" : [0, 1], "children" : [ {"expandMode" : [2,2]},{ "type" : "panel", "style" : "flat", "expandMode" : [2,2], "children" : [
						{ "type" : "label", "text" : "^cyan;Stand State^reset;\n \nYou can use your ^yellow;Oral Vore^reset; action to ^yellow;eat^reset; people!\n \nYou can use your ^yellow;Cock Vore^reset; action to put people ^yellow;inside^reset; your ^yellow;cock^reset;! using the action when someone is already inside may force them deeper, down into your balls.\n \nYou can use your ^yellow;Grab^reset; action to pick people up and ^orange;carry^reset; them around, you can then use the radial menu, or an ^yellow;action^reset; in the other hand to perform it on the person being ^orange;held^reset;, you can also just hold someone up near your ^yellow;mouth^reset; and click with the ^yellow;Grab^reset; action again to ^yellow;eat^reset; them, or hold them near your ^yellow;cock^reset; and click again to put them ^yellow;inside^reset;." }
					]}]}
				]}
			]}
		]},
		"sbqSlime" : { "type" : "tab",  "title" : "", "icon" : "/interface/scripted/sbq/sbqSettings/sbqSlimeCodex.png", "visible" : true, "color" : "ff00ff", "contents" : [
			{ "type" : "tabField",  "id" : "speciesHelpTabs", "layout" : "vertical",  "tabWidth" : 56, "tabs" : [
				{ "type" : "tab", "id" : "generalTab", "title" : "General", "icon" : "/interface/scripted/sbq/sbqSettings/sbqSlimeCodex.png", "visible" : true, "color" : "ff00ff", "contents" : [
					{ "type" : "scrollArea", "mode" : "vertical", "thumbScrolling" : true, "scrollBars" : true, "scrollDirections" : [0, 1], "children" : [ {"expandMode" : [2,2]},{ "type" : "panel", "style" : "flat", "expandMode" : [2,2], "children" : [
						{ "type" : "label", "text" : "^cyan;So you've been turned into a large Slime...^reset;\n \nYou can fit one prey within your ^yellow;body^reset;.\n \nYou can use your ^yellow;Absorb Vore^reset; action to ^yellow;absorb^reset; people.\n \nIf someone is inside your ^yellow;body^reset; they can then ^orange;struggle^reset; back out, or you can let them back out by pressing ^green;[G]^reset;" }
					]}]}
				]}
			]}
		]},
		"sbqZiellekDragon" : { "type" : "tab", "title" : "", "icon" : "/interface/scripted/sbq/sbqSettings/sbqZiellekDragonCodex.png", "visible" : true, "color" : "ff00ff", "contents" : [
			{ "type" : "tabField",  "id" : "speciesHelpTabs", "layout" : "vertical",  "tabWidth" : 56, "tabs" : [
				{ "type" : "tab", "id" : "generalTab", "title" : "General", "icon" : "/interface/scripted/sbq/sbqSettings/sbqZiellekDragonCodex.png", "visible" : true, "color" : "ff00ff", "contents" : [
					{ "type" : "scrollArea", "mode" : "vertical", "thumbScrolling" : true, "scrollBars" : true, "scrollDirections" : [0, 1], "children" : [ {"expandMode" : [2,2]},{ "type" : "panel", "style" : "flat", "expandMode" : [2,2], "children" : [
						{ "type" : "label", "text" : "^cyan;So you've been turned into a noodle dragon...^reset;\n \nZiellek dragons have the space for two prey to fit within their ^yellow;belly^reset;, or two in their ^yellow;womb^reset;. They can also stretch out their ^yellow;dick^reset; to fit one person inside it, and then one in each of their ^yellow;balls^reset;... that is if they have the parts of course, these must be enabled in your config.\n \nPrey within the womb will be healed, you can also trap them in eggs by using the ^yellow;Eggify^reset; action.\n^#555;(This is finicky, Stardust Metagui context menus sometimes seem to not function at all, try selecting a different occupant and trying again when it doesn't work)^reset;" }
					]}]}
				]},
				{ "type" : "tab", "id" : "standHelpTab", "title" : "Stand", "icon" : "/interface/scripted/sbq/sbqSettings/sbqZiellekDragonCodex.png", "visible" : true, "color" : "ff00ff", "contents" : [
					{ "type" : "scrollArea", "mode" : "vertical", "thumbScrolling" : true, "scrollBars" : true, "scrollDirections" : [0, 1], "children" : [ {"expandMode" : [2,2]},{ "type" : "panel", "style" : "flat", "expandMode" : [2,2], "children" : [
						{ "type" : "label", "text" : "^cyan;Stand State^reset;\n \nWhile Standing you can move around just like a player normally can.\n \nThe ^yellow;Special Attack^reset; action can be used to breathe fire at your foes.\n \nThe ^yellow;Oral Vore^reset; action can be used to ^yellow;eat^reset; prey and put them in your ^yellow;belly^reset;, you may also let prey back out of your ^yellow;mouth^reset; with the ^green;[G]^reset; key, if one also holds ^green;[Down]^reset; key they'll be let out of your ^yellow;butt^reset;.\n \nThe ^yellow;Anal Vore^reset; action can force people up your butt and into your ^yellow;belly^reset;.\n \nThe ^yellow;Cock Vore^reset; action can be used to force people into your ^yellow;dick^reset;, stretching it out, using it while someone is inside may force them even deeper, down to your ^yellow;balls^reset; stretching one of them out instead. Pressing ^green;[G]^reset; will also bring them back out.\n \n The ^yellow;Unbirth^reset; action will force prey up into your womb, they can be let back out the same way with ^green;[G]^reset;." }
					]}]}
				]}
			]}
		]},
		"sbqOccupantHolder" : { "type" : "tab",  "title" : "", "icon" : "/items/active/sbqNominomicon/sbqNominomicon.png", "visible" : true, "color" : "ff00ff", "contents" : [
			{ "type" : "tabField",  "id" : "speciesHelpTabs", "layout" : "vertical",  "tabWidth" : 56, "tabs" : [
				{ "type" : "tab", "id" : "generalTab", "title" : "Общие сведения", "icon" : "/items/active/sbqNominomicon/sbqNominomicon.png", "visible" : true, "color" : "ff00ff", "contents" : [
					{ "type" : "scrollArea", "mode" : "vertical", "thumbScrolling" : true, "scrollBars" : true, "scrollDirections" : [0, 1], "children" : [ {"expandMode" : [2,2]},{ "type" : "panel", "style" : "flat", "expandMode" : [2,2], "children" : [
						{ "type" : "label", "text" : "^cyan;Значит, вы любите vore...^reset;\n \nВы сможете уместить две добычи в своем ^yellow;животе^reset; или два в вашем ^yellow;матке^reset;\n \nЕсли у вас есть ^yellow;пупок^reset; включена, добыча в пределах вашего ^yellow;живота^reset; способны бороться с ней.\n \nДобыча в пределах ^yellow;матки^reset; могут быть заперты в яйцах и или превращены в ваш вид через худ хищника или опцию, некоторые виды могут создавать яйца с уникальной скорлупой.\n \nВы также можете растянуть свой ^yellow;член^reset; чтобы в нем поместился один человек, а затем по одному в каждом из ваших ^yellow;шаров^reset;, если они включены, вы также можете превратить добычу в этих местах в сгустки спермы с помощью опции или через худ хищника, и если их переварить, они могут выбросить наполненный презерватив.\n \nВы также можете растянуть свои ^yellow;груди^reset; чтобы в каждой поместилось по два человека, если они включены, если переварены, добыча может уронить пакет молока.\n \nЧтобы выпустить добычу обратно, нужно щелкнуть на ней и выбрать ^green;Выпустить^reset; в худе хищника или во время удержания ^yellow;Контроллер Vore^reset; press ^green;Shift+Up^reset; и выбрать ^green;Выпустить^reset; в колесе действий, чтобы освободить последнюю добычу.\n \nВы можете использовать ^yellow;Рот Vore^reset; и действие  ^yellow;съесть^reset; добычу, отправить их в ваш ^yellow;живот^reset;.\n \nЕсли задний борт открыт, можно использовать ^yellow;Анальный Vore^reset; действия по сжатию добычи в ^yellow;зад^reset;, отправить их в ваш ^yellow;живот^reset;.\n \nЕсли у вас есть ^yellow;киска^reset;, и выставить его, вы можете использовать ^yellow;Матку^reset; действие, чтобы отправить добычу в вашу ^yellow;матку^reset;.\n \nЕсли у вас есть ^yellow;член^reset;, и выставить его, вы можете использовать ^yellow;Член Vore^reset; действие, чтобы втиснуть добычу внутрь, а также заставить добычу, уже находящуюся внутри, глубже проникнуть в ваши ^yellow;яйца^reset;, если они у вас есть.\n \nЕсли у вас есть ^yellow;грудь^reset;, и выставлять их, вы можете использовать ^yellow;Грудь Vore^reset; действия, направленные на сдавливание добычи внутри себя.\n \nЕсли у вас есть^yellow;пупок^reset;, можно использовать ^yellow; Пупок Vore^reset; действия, чтобы втиснуть добычу в свой ^yellow;живот^reset;." }
					]}]}
				]}
			]}
		]},
		"sbqFray_IcyVixen" : { "type" : "tab", "title" : "", "icon" : "/interface/scripted/sbq/sbqSettings/sbqFray_IcyVixenCodex.png", "visible" : true, "color" : "ff00ff", "contents" : [
			{ "type" : "tabField",  "id" : "speciesHelpTabs", "layout" : "vertical",  "tabWidth" : 56, "tabs" : [
				{ "type" : "tab", "id" : "generalTab", "title" : "General", "icon" : "/interface/scripted/sbq/sbqSettings/sbqFray_IcyVixenCodex.png", "visible" : true, "color" : "ff00ff", "contents" : [
					{ "type" : "scrollArea", "mode" : "vertical", "thumbScrolling" : true, "scrollBars" : true, "scrollDirections" : [0, 1], "children" : [ {"expandMode" : [2,2]},{ "type" : "panel", "style" : "flat", "expandMode" : [2,2], "children" : [
						{ "type" : "label", "text" : "^cyan;So you've been turned into a particular vulpix...^reset;\n \nFray can fit one prey within his ^yellow;belly^reset; and one stuck up his ^yellow;butt^reset;. He can also stretch out his ^yellow;dick^reset; to fit one person inside it, and then one in each of his ^yellow;balls^reset;... that is if they have the parts of course, these must be enabled in your config." }
					]}]}
				]},
				{ "type" : "tab", "id" : "standHelpTab", "title" : "Stand", "icon" : "/interface/scripted/sbq/sbqSettings/sbqFray_IcyVixenCodex.png", "visible" : true, "color" : "ff00ff", "contents" : [
					{ "type" : "scrollArea", "mode" : "vertical", "thumbScrolling" : true, "scrollBars" : true, "scrollDirections" : [0, 1], "children" : [ {"expandMode" : [2,2]},{ "type" : "panel", "style" : "flat", "expandMode" : [2,2], "children" : [
						{ "type" : "label", "text" : "^cyan;Stand State^reset;\n \nWhile Standing you can move around just like a player normally can.\n \nThe ^yellow;Special Attack^reset; action can be used to attack with Swift, creating stars that lock onto and fire at your enemies.\n \nThe ^yellow;Oral Vore^reset; action can be used to ^yellow;eat^reset; prey and put them in your ^yellow;belly^reset;, you may also let prey back out of your ^yellow;mouth^reset; with the ^green;[G]^reset; key, if one also holds ^green;[Down]^reset; key they'll be sent to your ^yellow;butt^reset;.\n \nThe ^yellow;Anal Vore^reset; action can force people up your ^yellow;butt^reset; and then click it again to pull them into your ^yellow;belly^reset;.\n \nThe ^yellow;Cock Vore^reset; action can be used to force people into your ^yellow;dick^reset;, stretching it out, using it while someone is inside may force them even deeper, down to your ^yellow;balls^reset; stretching one of them out instead. Pressing ^green;[G]^reset; will also bring them back out." }
					]}]}
				]}
			]}
		]}

	},
	"speciesInfoTabs" : {
		"sbqVaporeon" : { "type" : "tab", "id" : "vaporeonHelpTab", "title" : "", "icon" : "/interface/scripted/sbq/sbqSettings/sbqVaporeonCodex.png", "visible" : true, "color" : "ff00ff", "contents" : [
			{ "type" : "tabField",  "id" : "speciesHelpTabs", "layout" : "vertical",  "tabWidth" : 56, "tabs" : [
				{ "type" : "tab", "id" : "generalTab", "title" : "General", "icon" : "/interface/scripted/sbq/sbqSettings/sbqVaporeonCodex.png", "visible" : true, "color" : "ff00ff", "contents" : [
					{ "type" : "scrollArea", "mode" : "vertical", "thumbScrolling" : true, "scrollBars" : true, "scrollDirections" : [0, 1], "children" : [ {"expandMode" : [2,2]},{ "type" : "panel", "style" : "flat", "expandMode" : [2,2], "children" : [
						{ "type" : "label", "text" : "^cyan;So you've met a giant Vaporeon...^reset;\n \nVaporeon have the space for two prey to fit within their ^yellow;belly^reset;." }
					]}]}
				]},
				{ "type" : "tab", "id" : "standHelpTab", "title" : "Stand", "icon" : "/interface/scripted/sbq/sbqSettings/sbqVaporeonCodex.png", "visible" : true, "color" : "ff00ff", "contents" : [
					{ "type" : "scrollArea", "mode" : "vertical", "thumbScrolling" : true, "scrollBars" : true, "scrollDirections" : [0, 1], "children" : [ {"expandMode" : [2,2]},{ "type" : "panel", "style" : "flat", "expandMode" : [2,2], "children" : [
						{ "type" : "label", "text" : "^cyan;Stand State^reset;\n \nIf you stand in front of them and ^green;interact^reset; with their face they will attempt to ^yellow;eat^reset; you!\n \nIf you ^green;interact^reset; elsewhere you'll pet them and may get them to ^cyan;sit^reset; down.\n \nIf you've been ^yellow;eaten^reset; and ^orange;struggle^reset; you may be able to escape! or you might just make them ^cyan;sit^reset; down." }
					]}]}
				]},
				{ "type" : "tab", "id" : "sitHelpTab", "title" : "Sit", "icon" : "/interface/scripted/sbq/sbqSettings/sbqVaporeonCodex.png", "visible" : true, "color" : "ff00ff", "contents" : [
					{ "type" : "scrollArea", "mode" : "vertical", "thumbScrolling" : true, "scrollBars" : true, "scrollDirections" : [0, 1], "children" : [ {"expandMode" : [2,2]},{ "type" : "panel", "style" : "flat", "expandMode" : [2,2], "children" : [
						{ "type" : "label", "text" : "^cyan;Sit State^reset;\n \nIf you ^green;interact^reset; and pet them up higher, they might ^cyan;stand^reset; back up. doing this lower may make them ^cyan;lay^reset; down, if someone is in front of them when they do, they will be ^orange;pinned^reset; beneath them!\n \nIf you've been ^yellow;eaten^reset; or ^orange;pinned^reset; and ^orange;struggle^reset; you might make them ^cyan;stand^reset; up, or ^cyan;lay^reset; down." }
					]}]}
				]},
				{ "type" : "tab", "id" : "layHelpTab", "title" : "Lay", "icon" : "/interface/scripted/sbq/sbqSettings/sbqVaporeonCodex.png", "visible" : true, "color" : "ff00ff", "contents" : [
					{ "type" : "scrollArea", "mode" : "vertical", "thumbScrolling" : true, "scrollBars" : true, "scrollDirections" : [0, 1], "children" : [ {"expandMode" : [2,2]},{ "type" : "panel", "style" : "flat", "expandMode" : [2,2], "children" : [
						{ "type" : "label", "text" : "^cyan;Lay State^reset;\n \nIf you ^green;interact^reset; with them you'll pet them, doing this on their head may make them ^cyan;roll over^reset; onto their back, doing this above the middle back may make them ^cyan;sit^reset; back up, doing this towards the lower back may make them ^cyan;fall asleep^reset;.\n \nIf you've been ^yellow;eaten^reset; or ^orange;pinned^reset; and ^orange;struggle^reset; you might make them ^cyan;sit^reset; up, ^cyan;roll over^reset; or ^cyan;fall asleep^reset;.\n \nIf you've been ^orange;pinned^reset; you could ^orange;struggle^reset; to make them change position or get ^yellow;absorbed^reset; into their goopy belly." }
					]}]}
				]},
				{ "type" : "tab", "id" : "backHelpTab", "title" : "Back", "icon" : "/interface/scripted/sbq/sbqSettings/sbqVaporeonCodex.png", "visible" : true, "color" : "ff00ff", "contents" : [
					{ "type" : "scrollArea", "mode" : "vertical", "thumbScrolling" : true, "scrollBars" : true, "scrollDirections" : [0, 1], "children" : [ {"expandMode" : [2,2]},{ "type" : "panel", "style" : "flat", "expandMode" : [2,2], "children" : [
						{ "type" : "label", "text" : "^cyan;Back State^reset;\n \nIf you ^green;interact^reset; with them on their head you may make them ^cyan;roll over^reset;.\n \nIf you ^green;interact^reset; on their belly, they'll let you climb on and lay on it like a bed, they can then ^orange;hug^reset; you, or they can roll over to ^orange;pin^reset; you benath them.\n \nIf you ^green;interact^reset; towards their rear, you'll be able to squirm up inside to their belly!\n \nIf you're in Vaporeon's belly, you'll be able to struggle out their rear, or get them to roll over.\n \nIf you've been ^orange;hugged^reset; you could ^orange;struggle^reset; out of the ^orange;hug^reset;, or get ^yellow;absorbed^reset; into their goopy belly." }
					]}]}
				]}
			]}
		]},
		"sbqXeronious" : { "type" : "tab", "id" : "xeroniousHelpTab", "title" : "", "icon" : "/interface/scripted/sbq/sbqSettings/sbqXeroniousCodex.png", "visible" : true, "color" : "ff00ff", "contents" : [
			{ "type" : "tabField",  "id" : "speciesHelpTabs", "layout" : "vertical",  "tabWidth" : 56, "tabs" : [
				{ "type" : "tab", "id" : "generalTab", "title" : "General", "icon" : "/interface/scripted/sbq/sbqSettings/sbqXeroniousCodex.png", "visible" : true, "color" : "ff00ff", "contents" : [
					{ "type" : "scrollArea", "mode" : "vertical", "thumbScrolling" : true, "scrollBars" : true, "scrollDirections" : [0, 1], "children" : [ {"expandMode" : [2,2]},{ "type" : "panel", "style" : "flat", "expandMode" : [2,2], "children" : [
						{ "type" : "label", "text" : "^cyan;So you've met a Kaiju...^reset;\n \nKaiju can fit three prey within their ^yellow;belly^reset;, and one in their ^yellow;tail^reset;.\n \nIn all states you can ^orange;struggle^reset; to move between their ^yellow;belly^reset; and their ^yellow;tail^reset;, if there is space in the destination.\n \nThis predator was comissioned by xeronious and belongs to them." }
					]}]}
				]},
				{ "type" : "tab", "id" : "standHelpTab", "title" : "Stand", "icon" : "/interface/scripted/sbq/sbqSettings/sbqXeroniousCodex.png", "visible" : true, "color" : "ff00ff", "contents" : [
					{ "type" : "scrollArea", "mode" : "vertical", "thumbScrolling" : true, "scrollBars" : true, "scrollDirections" : [0, 1], "children" : [ {"expandMode" : [2,2]},{ "type" : "panel", "style" : "flat", "expandMode" : [2,2], "children" : [
						{ "type" : "label", "text" : "^cyan;Stand State^reset;\n \nIf you ^green;interact^reset; with their head while standing in front of them, he will attempt to ^yellow;eat^reset; you.\n \nIf you ^green;interact^reset; with their tail while standing behind them, then the tail will attempt to ^yellow;eat^reset; you.\n \nIf you ^green;interact^reset; with their middle, he will ^cyan;sit^reset; down, if you're in the right spot, then he'll ^cyan;sit^reset; down right on top of you, ^orange;pinning^reset; you beneath them.\n \nIf you're in their ^yellow;belly^reset;, you'll be able to ^orange;struggle^reset; out of their ^yellow;mouth^reset;, or their ^yellow;butt^reset;, or into their ^yellow;tail^reset;.\n \nIf you're in their ^yellow;tail^reset;, you'll be able to ^orange;struggle^reset; out of it, or into their belly^reset;." }
					]}]}
				]},
				{ "type" : "tab", "id" : "sitHelpTab", "title" : "Sit", "icon" : "/interface/scripted/sbq/sbqSettings/sbqXeroniousCodex.png", "visible" : true, "color" : "ff00ff", "contents" : [
					{ "type" : "scrollArea", "mode" : "vertical", "thumbScrolling" : true, "scrollBars" : true, "scrollDirections" : [0, 1], "children" : [ {"expandMode" : [2,2]},{ "type" : "panel", "style" : "flat", "expandMode" : [2,2], "children" : [
						{ "type" : "label", "text" : "^cyan;Sit State^reset;\n \nIf you ^green;interact^reset; with their head while standing in front of them, he will attempt to ^yellow;eat you.\n \nIf you ^green;interact^reset; with their tail while standing behind them, then the tail will attempt to ^yellow;eat you.\n \nIf you ^green;interact^reset; with their middle, he will ^orange;hug^reset; you.\n \nIf you ^green;interact^reset; towards their upper back, he'll stand back up.\n \nIf you're in their ^yellow;belly^reset;, you'll be able to ^orange;struggle^reset; out of their ^yellow;mouth^reset;, or into their ^yellow;tail^reset;.\n \nIf you're in their ^yellow;tail^reset;, you'll be able to ^orange;struggle^reset; out of it, or into their belly^reset;\n \nIf you're ^orange;pinned^reset;, you'll be able to ^orange;struggle^reset; into their ^yellow;butt^reset;, or get them to ^cyan;stand^reset; back up." }
					]}]}
				]}
			]}
		]},
		"sbqCharem" : { "type" : "tab", "id" : "charemHelpTab", "title" : "", "icon" : "/interface/scripted/sbq/sbqSettings/sbqCodex.png", "visible" : true, "color" : "ff00ff", "contents" : [
			{ "type" : "tabField",  "id" : "speciesHelpTabs", "layout" : "vertical",  "tabWidth" : 56, "tabs" : [
				{ "type" : "tab", "id" : "generalTab", "title" : "General", "icon" : "/interface/scripted/sbq/sbqSettings/sbqCodex.png", "visible" : true, "color" : "ff00ff", "contents" : [
					{ "type" : "scrollArea", "mode" : "vertical", "thumbScrolling" : true, "scrollBars" : true, "scrollDirections" : [0, 1], "children" : [ {"expandMode" : [2,2]},{ "type" : "panel", "style" : "flat", "expandMode" : [2,2], "children" : [
						{ "type" : "label", "text" : "^cyan;So some disgusting person added this back in.^reset;\n \nCharem is a groomer and child predator. I removed his content from the mod for a reason." }
					]}]}
				]}
			]}
		]},
		"sbqAvian" : { "type" : "tab", "id" : "avianHelpTab", "title" : "", "icon" : "/codex/avian/aviancover7.png", "visible" : true, "color" : "ff00ff", "contents" : [
			{ "type" : "tabField",  "id" : "speciesHelpTabs", "layout" : "vertical",  "tabWidth" : 56, "tabs" : [
				{ "type" : "tab", "id" : "generalTab", "title" : "General", "icon" : "/codex/avian/aviancover7.png", "visible" : true, "color" : "ff00ff", "contents" : [
					{ "type" : "scrollArea", "mode" : "vertical", "thumbScrolling" : true, "scrollBars" : true, "scrollDirections" : [0, 1], "children" : [ {"expandMode" : [2,2]},{ "type" : "panel", "style" : "flat", "expandMode" : [2,2], "children" : [
						{ "type" : "label", "text" : "^cyan;So you've met a giant Avian...^reset;\n \nThey can fit one prey within their ^yellow;belly^reset;, one in their ^yellow;cock^reset;, and one in each of their^yellow;balls^reset;... that is if they have the parts of course, these must be enabled in their config.\n \nIn all states you can ^orange;struggle^reset; to move between the ^yellow;balls^reset; and up and down from the ^yellow;cock^reset;, if there is space in the destination.\n \nParts such as ^yellow;breasts^reset;, ^yellow;cock^reset;, and ^yellow;balls^reset; can all be enabled or disabled regardless of gender, if a part is disabled with someone inside they will be ^red;released^reset;, however it is possible to trap someone in the ^yellow;balls^reset; by disabling the ^yellow;cock^reset; once they are inside.\n \nThis predator was decided on via a vote on patreon." }
					]}]}
				]},
				{ "type" : "tab", "id" : "standHelpTab", "title" : "Stand", "icon" : "/codex/avian/aviancover7.png", "visible" : true, "color" : "ff00ff", "contents" : [
					{ "type" : "scrollArea", "mode" : "vertical", "thumbScrolling" : true, "scrollBars" : true, "scrollDirections" : [0, 1], "children" : [ {"expandMode" : [2,2]},{ "type" : "panel", "style" : "flat", "expandMode" : [2,2], "children" : [
						{ "type" : "label", "text" : "^cyan;Stand State^reset;\n \nIf you ^green;interact^reset; with their head while standing in front of them, they will attempt to ^yellow;eat^reset; you.\n \nIf you're in their ^yellow;belly^reset;, you'll be able to ^orange;struggle^reset; out of their ^yellow;mouth^reset;.\n \nIf you ^green;interact^reset; with their cock while standing in front, they will put you ^yellow;inside^reset; it.\n \nIf you're in their ^yellow;cock^reset;, you'll be able to ^orange;struggle^reset; out of it, or into their ^yellow;balls^reset; and back again." }
					]}]}
				]}
			]}
		]},
		"sbqSlime" : { "type" : "tab", "id" : "slimeHelpTab", "title" : "", "icon" : "/interface/scripted/sbq/sbqSettings/sbqSlimeCodex.png", "visible" : true, "color" : "ff00ff", "contents" : [
			{ "type" : "tabField",  "id" : "speciesHelpTabs", "layout" : "vertical",  "tabWidth" : 56, "tabs" : [
				{ "type" : "tab", "id" : "generalTab", "title" : "General", "icon" : "/interface/scripted/sbq/sbqSettings/sbqSlimeCodex.png", "visible" : true, "color" : "ff00ff", "contents" : [
					{ "type" : "scrollArea", "mode" : "vertical", "thumbScrolling" : true, "scrollBars" : true, "scrollDirections" : [0, 1], "children" : [ {"expandMode" : [2,2]},{ "type" : "panel", "style" : "flat", "expandMode" : [2,2], "children" : [
						{ "type" : "label", "text" : "^cyan;So you've met a large Slime...^reset;\n \nThey can fit one prey within their ^yellow;body^reset;.\n \nYou merely need to ^green;interact^reset; with it to get it to ^yellow;absorb^reset; you.\n \nIf you're inside its ^yellow;body^reset; can then ^orange;struggle^reset; back out." }
					]}]}
				]}
			]}
		]},
		"sbqZiellekDragon" : { "type" : "tab", "id" : "ziellekDragonHelpTab", "title" : "", "icon" : "/interface/scripted/sbq/sbqSettings/sbqZiellekDragonCodex.png", "visible" : true, "color" : "ff00ff", "contents" : [
			{ "type" : "tabField",  "id" : "speciesHelpTabs", "layout" : "vertical",  "tabWidth" : 56, "tabs" : [
				{ "type" : "tab", "id" : "generalTab", "title" : "General", "icon" : "/interface/scripted/sbq/sbqSettings/sbqZiellekDragonCodex.png", "visible" : true, "color" : "ff00ff", "contents" : [
					{ "type" : "scrollArea", "mode" : "vertical", "thumbScrolling" : true, "scrollBars" : true, "scrollDirections" : [0, 1], "children" : [ {"expandMode" : [2,2]},{ "type" : "panel", "style" : "flat", "expandMode" : [2,2], "children" : [
						{ "type" : "label", "text" : "^cyan;So you've met a noodle dragon...^reset;\n \nZiellek dragons have the space for two prey to fit within their ^yellow;belly^reset;, or two in their ^yellow;womb^reset;. They can also stretch out their ^yellow;dick^reset; to fit one person inside it, and then one in each of their ^yellow;balls^reset;... that is if they have the parts of course, these must be enabled in their config.\n \nPrey within the womb will be healed, and could also become trapped eggs if the option is set.\n \nPrey within the balls may be turned into a blob of cum if the option is set." }
					]}]}
				]},
				{ "type" : "tab", "id" : "standHelpTab", "title" : "Stand", "icon" : "/interface/scripted/sbq/sbqSettings/sbqZiellekDragonCodex.png", "visible" : true, "color" : "ff00ff", "contents" : [
					{ "type" : "scrollArea", "mode" : "vertical", "thumbScrolling" : true, "scrollBars" : true, "scrollDirections" : [0, 1], "children" : [ {"expandMode" : [2,2]},{ "type" : "panel", "style" : "flat", "expandMode" : [2,2], "children" : [
						{ "type" : "label", "text" : "^cyan;Stand State^reset;\n \nIf you stand in front of them and ^green;interact^reset; with their face they will attempt to ^yellow;eat^reset; you to send you to their ^yellow;belly!^reset;!\n \nIf you stand in front of their ^yellow;dick^reset; and ^green;interact^reset; with it you might be able to squirm inside, and then you might be able to squirm deeper into the ^yellow;balls!^reset;\n \nIf you stand behind their rear and ^green;interact^reset; towards the top you might be able to squirm inside their ^yellow;butt^reset; to get into the ^yellow;belly!^reset;\n \nIf you stand behind their rear and ^green;interact^reset; towards the bottom you might be able to squirm inside their ^yellow;pussy^reset; and into the ^yellow;womb!^reset;\n \n^#555;Note: if multiple parts are enabled and have triggers within close proximity, it may be difficult to get the desired vore type, so it is suggested going into your own prey settings and disabling some temporarily if you aren't getting the one you want." }
					]}]}
				]}
			]}
		]},
		"sbqFray_IcyVixen" : { "type" : "tab", "id" : "frayHelpTab", "title" : "", "icon" : "/interface/scripted/sbq/sbqSettings/sbqFray_IcyVixenCodex.png", "visible" : true, "color" : "ff00ff", "contents" : [
			{ "type" : "tabField",  "id" : "speciesHelpTabs", "layout" : "vertical",  "tabWidth" : 56, "tabs" : [
				{ "type" : "tab", "id" : "generalTab", "title" : "General", "icon" : "/interface/scripted/sbq/sbqSettings/sbqFray_IcyVixenCodex.png", "visible" : true, "color" : "ff00ff", "contents" : [
					{ "type" : "scrollArea", "mode" : "vertical", "thumbScrolling" : true, "scrollBars" : true, "scrollDirections" : [0, 1], "children" : [ {"expandMode" : [2,2]},{ "type" : "panel", "style" : "flat", "expandMode" : [2,2], "children" : [
						{ "type" : "label", "text" : "^cyan;So you've found a particular vulpix...^reset;\n \nFray can fit one prey within his ^yellow;belly^reset; and one stuck up his ^yellow;butt^reset;. He can also stretch out his ^yellow;dick^reset; to fit one person inside it, and then one in each of his ^yellow;balls^reset;... that is if they have the parts of course, these must be enabled in the config." }
					]}]}
				]},
				{ "type" : "tab", "id" : "standHelpTab", "title" : "Stand", "icon" : "/interface/scripted/sbq/sbqSettings/sbqFray_IcyVixenCodex.png", "visible" : true, "color" : "ff00ff", "contents" : [
					{ "type" : "scrollArea", "mode" : "vertical", "thumbScrolling" : true, "scrollBars" : true, "scrollDirections" : [0, 1], "children" : [ {"expandMode" : [2,2]},{ "type" : "panel", "style" : "flat", "expandMode" : [2,2], "children" : [
						{ "type" : "label", "text" : "^cyan;Stand State^reset;\n \nIf you stand in front of them and ^green;interact^reset; with their face they will attempt to ^yellow;eat^reset; you!\n \nIf you ^green;interact^reset; with their rear you'll be able to squirm into their ^yellow;butt^reset;\n \nIf you struggle in the right directions, you'll be able to struggle between the ^yellow;belly^reset; and the ^yellow;butt^reset;." }
					]}]}
				]}
			]}
		]}



	}
}
